{
  "precz": {
    "sharpness": 1.9396064281463623,
    "snr": 28.601802825927734,
    "hs": 2.5216548442840576,
    "hist_counts": [
      0.0021798290877755866,
      0.0,
      0.0,
      0.0,
      0.0,
      0.0,
      0.0,
      0.0,
      0.0,
      0.0,
      0.0,
      0.0,
      0.0,
      0.0,
      0.0,
      0.0,
      0.0,
      0.0002179821663340168,
      0.0,
      0.0,
      0.0,
      0.0,
      0.0,
      0.0,
      0.0,
      0.0,
      0.0,
      0.0,
      0.0,
      0.0,
      0.0,
      0.0,
      0.0,
      0.0,
      0.0,
      0.0,
      0.0,
      0.0,
      0.0,
      0.00021798365122615803,
      0.0,
      0.0,
      0.0,
      0.0,
      0.0,
      0.0,
      0.0,
      0.0,
      0.0,
      0.0,
      0.0,
      0.0,
      0.0,
      0.0,
      0.0,
      0.0,
      0.0,
      0.0,
      0.0,
      0.00021798365122615803,
      0.0,
      0.0,
      0.0,
      0.0,
      0.0,
      0.0,
      0.0,
      0.0,
      0.0,
      0.0,
      0.0,
      0.0,
      0.0,
      0.0,
      0.0,
      0.0,
      0.0,
      0.0,
      0.0,
      228.56803427769566
    ],
    "hist_edges": [
      0.15000000596046448,
      0.15437500178813934,
      0.1587499976158142,
      0.16312499344348907,
      0.16750000417232513,
      0.171875,
      0.17624999582767487,
      0.18062500655651093,
      0.1850000023841858,
      0.18937499821186066,
      0.19374999403953552,
      0.19812500476837158,
      0.20250000059604645,
      0.2068749964237213,
      0.21125000715255737,
      0.21562500298023224,
      0.2199999988079071,
      0.22437499463558197,
      0.22875000536441803,
      0.2331250011920929,
      0.23749999701976776,
      0.24187499284744263,
      0.2462500035762787,
      0.25062501430511475,
      0.2549999952316284,
      0.2593750059604645,
      0.26374998688697815,
      0.2681249976158142,
      0.27250000834465027,
      0.27687498927116394,
      0.28125,
      0.28562501072883606,
      0.28999999165534973,
      0.2943750023841858,
      0.29875001311302185,
      0.3031249940395355,
      0.3075000047683716,
      0.31187498569488525,
      0.3162499964237213,
      0.3206250071525574,
      0.32499998807907104,
      0.3293749988079071,
      0.33375000953674316,
      0.33812499046325684,
      0.3425000011920929,
      0.34687501192092896,
      0.3512499928474426,
      0.3556250035762787,
      0.36000001430511475,
      0.3643749952316284,
      0.3687500059604645,
      0.37312498688697815,
      0.3774999976158142,
      0.38187500834465027,
      0.38624998927116394,
      0.390625,
      0.39500001072883606,
      0.39937499165534973,
      0.4037500023841858,
      0.40812501311302185,
      0.4124999940395355,
      0.4168750047683716,
      0.42124998569488525,
      0.4256249964237213,
      0.4300000071525574,
      0.43437498807907104,
      0.4387499988079071,
      0.44312500953674316,
      0.44749999046325684,
      0.4518750011920929,
      0.45625001192092896,
      0.4606249928474426,
      0.4650000035762787,
      0.46937501430511475,
      0.4737499952316284,
      0.4781250059604645,
      0.48249998688697815,
      0.4868749976158142,
      0.49125000834465027,
      0.49562498927116394,
      0.5
    ]
  },
  "mrecz": {
    "sharpness": 3.3872363567352295,
    "snr": 29.099580764770508,
    "hs": 2.740809679031372,
    "hist_counts": [
      0.0,
      0.0,
      0.0,
      0.0,
      0.0,
      0.0,
      0.0,
      0.0,
      0.0,
      0.0,
      0.0,
      0.0,
      0.0,
      0.0,
      0.0,
      0.0,
      0.0,
      0.0,
      0.0,
      0.0,
      0.0,
      0.0,
      0.0,
      0.0,
      0.0,
      0.0,
      0.0,
      0.0,
      0.0,
      0.0,
      0.0,
      0.0,
      0.0,
      0.0,
      0.0,
      0.0,
      0.0,
      0.0,
      0.0,
      0.0,
      0.0,
      0.0,
      0.0,
      0.0,
      0.0,
      0.0,
      0.0,
      0.0,
      0.0,
      0.0,
      0.0,
      0.0,
      0.0,
      0.0,
      0.0,
      0.0,
      0.0,
      0.0,
      0.0,
      0.0,
      0.0,
      0.0,
      0.0,
      0.0,
      0.0,
      0.0,
      0.0,
      0.0,
      0.0,
      0.0,
      0.0,
      0.0,
      0.0,
      0.0,
      0.0,
      0.0,
      0.0,
      0.0,
      0.0,
      228.570868045858
    ],
    "hist_edges": [
      0.15000000596046448,
      0.15437500178813934,
      0.1587499976158142,
      0.16312499344348907,
      0.16750000417232513,
      0.171875,
      0.17624999582767487,
      0.18062500655651093,
      0.1850000023841858,
      0.18937499821186066,
      0.19374999403953552,
      0.19812500476837158,
      0.20250000059604645,
      0.2068749964237213,
      0.21125000715255737,
      0.21562500298023224,
      0.2199999988079071,
      0.22437499463558197,
      0.22875000536441803,
      0.2331250011920929,
      0.23749999701976776,
      0.24187499284744263,
      0.2462500035762787,
      0.25062501430511475,
      0.2549999952316284,
      0.2593750059604645,
      0.26374998688697815,
      0.2681249976158142,
      0.27250000834465027,
      0.27687498927116394,
      0.28125,
      0.28562501072883606,
      0.28999999165534973,
      0.2943750023841858,
      0.29875001311302185,
      0.3031249940395355,
      0.3075000047683716,
      0.31187498569488525,
      0.3162499964237213,
      0.3206250071525574,
      0.32499998807907104,
      0.3293749988079071,
      0.33375000953674316,
      0.33812499046325684,
      0.3425000011920929,
      0.34687501192092896,
      0.3512499928474426,
      0.3556250035762787,
      0.36000001430511475,
      0.3643749952316284,
      0.3687500059604645,
      0.37312498688697815,
      0.3774999976158142,
      0.38187500834465027,
      0.38624998927116394,
      0.390625,
      0.39500001072883606,
      0.39937499165534973,
      0.4037500023841858,
      0.40812501311302185,
      0.4124999940395355,
      0.4168750047683716,
      0.42124998569488525,
      0.4256249964237213,
      0.4300000071525574,
      0.43437498807907104,
      0.4387499988079071,
      0.44312500953674316,
      0.44749999046325684,
      0.4518750011920929,
      0.45625001192092896,
      0.4606249928474426,
      0.4650000035762787,
      0.46937501430511475,
      0.4737499952316284,
      0.4781250059604645,
      0.48249998688697815,
      0.4868749976158142,
      0.49125000834465027,
      0.49562498927116394,
      0.5
    ]
  },
  "precy": {
    "sharpness": 1.6765050888061523,
    "snr": 28.98348045349121,
    "hs": 2.549593687057495,
    "hist_counts": [
      0.0,
      0.0,
      0.0,
      0.0,
      0.0,
      0.0,
      0.0,
      0.0,
      0.0,
      0.0,
      0.0,
      0.0,
      0.0,
      0.0,
      0.0,
      0.0,
      0.0,
      0.0,
      0.0,
      0.0,
      0.0,
      0.0,
      0.0,
      0.0,
      0.0,
      0.0,
      0.0,
      0.0,
      0.0,
      0.0,
      0.0,
      0.0,
      0.0,
      0.0,
      0.0,
      0.0,
      0.0,
      0.0,
      0.0,
      0.0,
      0.0,
      0.0,
      0.0,
      0.0,
      0.0,
      0.0,
      0.0,
      0.0,
      0.0,
      0.0,
      0.0,
      0.0,
      0.0,
      0.0,
      0.0,
      0.0,
      0.0,
      0.0,
      0.0,
      0.0,
      0.0,
      0.0,
      0.0,
      0.0,
      0.0,
      0.0,
      0.0,
      0.0,
      0.0,
      0.0,
      0.0,
      0.0,
      0.0,
      0.0,
      0.0,
      0.0,
      0.0,
      0.0,
      0.0,
      228.570868045858
    ],