{
  "precz": {
    "sharpness": 0.01954839378595352,
    "snr": 28.55113983154297,
    "hs": 2.521655321121216,
    "hist_counts": [
      0.035095248313186944,
      0.022234256695310983,
      0.04359658175551173,
      0.0843590983712645,
      0.14408670270196627,
      0.21493114805467284,
      0.3409241081464023,
      0.4839220574861802,
      0.639125888535802,
      0.8233214464528391,
      0.9822276415010797,
      1.1936744084659112,
      1.3528019318735292,
      1.4953576610513553,
      1.6015204307887234,
      1.752364603662794,
      1.8384678526299298,
      1.905818080258309,
      1.9941076494971066,
      2.1554150019925,
      2.336122833369096,
      2.520963753652904,
      2.7566024754599763,
      3.002724795640327,
      3.205645738108051,
      3.421689373297003,
      3.7037349881812793,
      3.923243029679634,
      4.212316076294278,
      4.455119515534635,
      4.655227144229262,
      4.75683923705722,
      5.084434029740942,
      5.2490105653231245,
      5.460272479564033,
      5.774565568354439,
      6.115095367847411,
      6.447694497993883,
      6.854667202539492,
      7.1906267029972755,
      7.494880825062499,
      7.695642400256129,
      7.926975476839237,
      7.944142069876908,
      7.860436918004646,
      7.719455040871934,
      7.461093589280727,
      7.042349847753081,
      6.4874114441416895,
      5.91843379813489,
      5.326866485013624,
      4.770321728053624,
      4.217736936396891,
      3.678692098092643,
      3.2751820491686026,
      2.8629777726309764,
      2.5545504087193462,
      2.31017499880791,
      2.009359609266967,
      1.8487193460490463,
      1.6002070830580173,
      1.4434877384196185,
      1.2677842793986418,
      1.130673496774545,
      0.9739509536784741,
      0.8292041607345999,
      0.7162893985735792,
      0.606866485013624,
      0.5011410004019046,
      0.4422858154917201,
      0.33961852861035424,
      0.28817242389357023,
      0.24740975878910906,
      0.19901907356948229,
      0.16435855341584868,
      0.13994550408719347,
      0.12512176347572565,
      0.11095292266401455,
      0.0950408719346049,
      0.714545541242907
    ],
    "hist_edges": [
      0.15000000596046448,
      0.15437500178813934,
      0.1587499976158142,
      0.16312499344348907,
      0.16750000417232513,
      0.171875,
      0.17624999582767487,
      0.18062500655651093,
      0.1850000023841858,
      0.18937499821186066,
      0.19374999403953552,
      0.19812500476837158,
      0.20250000059604645,
      0.2068749964237213,
      0.21125000715255737,
      0.21562500298023224,
      0.2199999988079071,
      0.22437499463558197,
      0.22875000536441803,
      0.2331250011920929,
      0.23749999701976776,
      0.24187499284744263,
      0.2462500035762787,
      0.25062501430511475,
      0.2549999952316284,
      0.2593750059604645,
      0.26374998688697815,
      0.2681249976158142,
      0.27250000834465027,
      0.27687498927116394,
      0.28125,
      0.28562501072883606,
      0.28999999165534973,
      0.2943750023841858,
      0.29875001311302185,
      0.3031249940395355,
      0.3075000047683716,
      0.31187498569488525,
      0.3162499964237213,
      0.3206250071525574,
      0.32499998807907104,
      0.3293749988079071,
      0.33375000953674316,
      0.33812499046325684,
      0.3425000011920929,
      0.34687501192092896,
      0.3512499928474426,
      0.3556250035762787,
      0.36000001430511475,
      0.3643749952316284,
      0.3687500059604645,
      0.37312498688697815,
      0.3774999976158142,
      0.38187500834465027,
      0.38624998927116394,
      0.390625,
      0.39500001072883606,
      0.39937499165534973,
      0.4037500023841858,
      0.40812501311302185,
      0.4124999940395355,
      0.4168750047683716,
      0.42124998569488525,
      0.4256249964237213,
      0.4300000071525574,
      0.43437498807907104,
      0.4387499988079071,
      0.44312500953674316,
      0.44749999046325684,
      0.4518750011920929,
      0.45625001192092896,
      0.4606249928474426,
      0.4650000035762787,
      0.46937501430511475,
      0.4737499952316284,
      0.4781250059604645,
      0.48249998688697815,
      0.4868749976158142,
      0.49125000834465027,
      0.49562498927116394,
      0.5
    ]
  },
  "mrecz": {
    "sharpness": 0.053624894469976425,
    "snr": 23.26666259765625,
    "hs": 2.740814685821533,
    "hist_counts": [
      0.03291541922541136,
      0.0004359658175551173,
      0.0010899145438877933,
      0.002397803829674185,
      0.0041416752667736145,
      0.008501333442324788,
      0.01896444847105946,
      0.04381456466428929,
      0.06648478717715539,
      0.12250639473298797,
      0.21950804149835493,
      0.3522603805845348,
      0.5303524170558003,
      0.7847357988024605,
      1.1206501340254291,
      1.536997489790566,
      1.9965054614936597,
      2.5122444669995434,
      3.0343220901836165,
      3.640096593676452,
      4.019604837858182,
      4.51397470044482,
      4.835934360120163,
      5.123923705722071,
      5.233751813679743,
      5.436512261580382,
      5.447592318853414,
      5.361271380985143,
      5.314659400544959,
      5.263833352633838,
      5.252934244317137,
      5.30158038147139,
      5.240945225168766,
      5.333805628027057,
      5.335367847411444,
      5.534131238888018,
      5.659945504087194,
      5.694784095476189,
      5.979904769041083,
      6.049046321525886,
      6.146879108452939,
      6.266769299936649,
      6.201198910081744,
      6.202682543034448,
      6.183282130230721,
      6.0605994550408715,
      5.848679504908005,
      5.580997404649832,
      5.361961852861035,
      4.956696480269208,
      4.680326975476839,
      4.399752045285795,
      4.036375774006989,
      3.7235967302452315,
      3.3431924850648156,
      3.073766527475971,
      2.7845231607629426,
      2.452299371257689,
      2.246742188404711,
      2.009809264305177,
      1.8330120367027471,
      1.6065395095367847,
      1.4785730342436358,
      1.2895824960320434,
      1.1649046321525887,
      1.0179767167798583,
      0.8780321659934197,
      0.7588010899182561,
      0.6460991410140258,
      0.5737290617911323,
      0.45297002724795643,
      0.40849857970994746,
      0.3311149106613715,
      0.28708446866485016,
      0.23672863263874225,
      0.19596730245231608,
      0.181579144556236,
      0.16174276741984048,
      0.13798365122615805,
      1.4079468123514145
    ],